,Undergrad,City_Population,Work_Experience,YES,Married,Single,TARGET_Taxable_Income,TARGET_Taxable_Income_bin,categories
0,NO,50047,10,1,0,1,68833,"(30000, 100000]",good
1,YES,134075,18,1,0,0,33700,"(30000, 100000]",good
2,NO,160205,30,1,1,0,36925,"(30000, 100000]",good
3,YES,193264,15,1,0,1,50190,"(30000, 100000]",good
4,NO,27533,28,0,1,0,81002,"(30000, 100000]",good
5,NO,116382,0,0,0,0,33329,"(30000, 100000]",good
6,NO,80890,8,1,0,0,83357,"(30000, 100000]",good
7,YES,131253,3,1,0,1,62774,"(30000, 100000]",good
8,NO,102481,12,1,0,1,83519,"(30000, 100000]",good
9,YES,155482,4,1,0,0,98152,"(30000, 100000]",good
10,NO,102602,19,1,0,1,29732,"(0, 30000]",risky
11,NO,94875,6,1,0,1,61063,"(30000, 100000]",good
12,NO,148033,14,1,0,0,11794,"(0, 30000]",risky
13,NO,86649,16,1,1,0,61830,"(30000, 100000]",good
14,NO,57529,13,1,1,0,64070,"(30000, 100000]",good
15,NO,107764,29,0,0,0,69869,"(30000, 100000]",good
16,YES,34551,29,0,0,0,24987,"(0, 30000]",risky
17,YES,57194,25,0,1,0,39476,"(30000, 100000]",good
18,YES,59269,6,0,0,0,97957,"(30000, 100000]",good
19,NO,126953,30,1,0,1,10987,"(0, 30000]",risky
20,YES,147222,26,0,0,1,88636,"(30000, 100000]",good
21,YES,29106,7,1,0,0,14310,"(0, 30000]",risky
22,YES,155342,14,0,0,0,78969,"(30000, 100000]",good
23,NO,50495,12,1,0,1,92040,"(30000, 100000]",good
24,NO,28495,30,0,0,0,38239,"(30000, 100000]",good
25,NO,124606,27,1,0,0,31417,"(30000, 100000]",good
26,YES,169128,15,0,0,0,55299,"(30000, 100000]",good
27,YES,28542,12,1,0,1,87778,"(30000, 100000]",good
28,YES,128766,5,1,0,1,10379,"(0, 30000]",risky
29,YES,41863,30,1,0,0,94033,"(30000, 100000]",good
30,YES,117788,0,1,0,0,73854,"(30000, 100000]",good
31,NO,147414,21,0,0,0,64007,"(30000, 100000]",good
32,YES,51911,23,0,1,0,97200,"(30000, 100000]",good
33,YES,157251,21,0,0,1,82071,"(30000, 100000]",good
34,YES,183767,1,1,0,0,12514,"(0, 30000]",risky
35,YES,41117,30,1,1,0,31336,"(30000, 100000]",good
36,YES,193995,5,1,1,0,10163,"(0, 30000]",risky
37,NO,66912,5,1,1,0,68513,"(30000, 100000]",good
38,NO,177575,3,0,0,1,14912,"(0, 30000]",risky
39,NO,54981,16,1,1,0,74010,"(30000, 100000]",good
40,NO,199697,26,1,0,1,50777,"(30000, 100000]",good
41,YES,91524,1,0,1,0,49436,"(30000, 100000]",good
42,NO,51666,12,0,0,1,96485,"(30000, 100000]",good
43,YES,50020,10,0,0,0,70339,"(30000, 100000]",good
44,YES,98880,22,0,0,0,33614,"(30000, 100000]",good
45,YES,183095,14,1,1,0,81079,"(30000, 100000]",good
46,YES,137346,27,1,1,0,31532,"(30000, 100000]",good
47,YES,34964,2,0,0,1,44034,"(30000, 100000]",good
48,NO,35480,12,0,1,0,16264,"(0, 30000]",risky
49,NO,160195,15,1,0,0,45706,"(30000, 100000]",good
50,YES,145804,3,1,0,1,79616,"(30000, 100000]",good
51,YES,174042,30,0,0,1,40137,"(30000, 100000]",good
52,NO,91828,23,0,0,1,97703,"(30000, 100000]",good
53,YES,139143,7,1,0,1,21917,"(0, 30000]",risky
54,NO,98207,23,0,0,0,81939,"(30000, 100000]",good
55,YES,89965,16,1,0,1,19925,"(0, 30000]",risky
56,NO,69832,25,1,1,0,34703,"(30000, 100000]",good
57,NO,70744,13,0,0,1,78573,"(30000, 100000]",good
58,YES,158047,15,0,0,1,10870,"(0, 30000]",risky
59,NO,102228,11,0,0,1,65065,"(30000, 100000]",good
60,YES,91138,23,0,1,0,94418,"(30000, 100000]",good
61,YES,86169,8,0,1,0,26972,"(0, 30000]",risky
62,NO,147684,13,1,0,0,91684,"(30000, 100000]",good
63,YES,95831,9,0,0,0,51685,"(30000, 100000]",good
64,YES,118261,15,0,0,1,62158,"(30000, 100000]",good
65,NO,194738,29,0,0,0,58312,"(30000, 100000]",good
66,YES,66985,12,1,1,0,42507,"(30000, 100000]",good
67,YES,173986,24,0,1,0,61486,"(30000, 100000]",good
68,NO,139642,5,0,0,1,10150,"(0, 30000]",risky
69,YES,86896,29,0,0,1,99619,"(30000, 100000]",good
70,YES,80904,3,1,0,0,89302,"(30000, 100000]",good
71,NO,105680,22,0,0,1,94287,"(30000, 100000]",good
72,YES,108300,27,1,0,0,41344,"(30000, 100000]",good
73,YES,174789,2,1,0,1,41382,"(30000, 100000]",good
74,NO,182319,17,0,0,0,32434,"(30000, 100000]",good
75,NO,50404,19,1,1,0,61105,"(30000, 100000]",good
76,YES,129164,11,0,1,0,67628,"(30000, 100000]",good
77,YES,118344,26,0,1,0,31458,"(30000, 100000]",good
78,YES,143153,0,0,0,0,73411,"(30000, 100000]",good
79,NO,140885,7,1,0,0,10329,"(0, 30000]",risky
80,NO,28184,26,0,1,0,44947,"(30000, 100000]",good
81,YES,121608,24,0,0,0,35610,"(30000, 100000]",good
82,NO,111068,26,1,0,0,66564,"(30000, 100000]",good
83,NO,73963,18,1,0,0,87348,"(30000, 100000]",good
84,NO,178083,4,1,1,0,69098,"(30000, 100000]",good
85,YES,125155,12,1,0,0,28449,"(0, 30000]",risky
86,YES,97520,29,1,0,0,39277,"(30000, 100000]",good
87,YES,64075,23,0,0,1,13747,"(0, 30000]",risky
88,NO,63896,24,1,1,0,86652,"(30000, 100000]",good
89,YES,176050,20,0,1,0,26741,"(0, 30000]",risky
90,NO,101232,29,0,0,0,77634,"(30000, 100000]",good
91,YES,73733,10,1,1,0,99325,"(30000, 100000]",good
92,NO,114621,13,0,0,0,85651,"(30000, 100000]",good
93,YES,137676,3,1,1,0,15296,"(0, 30000]",risky
94,NO,122705,6,1,0,1,10348,"(0, 30000]",risky
95,YES,121498,28,1,0,1,41395,"(30000, 100000]",good
96,NO,63622,17,0,0,1,22258,"(0, 30000]",risky
97,YES,37849,19,1,0,0,79583,"(30000, 100000]",good
98,YES,77053,18,1,1,0,22187,"(0, 30000]",risky
99,NO,114350,12,0,1,0,52495,"(30000, 100000]",good
100,YES,46444,25,0,0,1,93078,"(30000, 100000]",good
101,YES,50490,20,1,1,0,35072,"(30000, 100000]",good
102,YES,91488,23,0,0,0,32662,"(30000, 100000]",good
103,NO,76318,5,1,0,0,89250,"(30000, 100000]",good
104,NO,174423,14,0,0,1,41641,"(30000, 100000]",good
105,NO,46893,15,0,0,1,55873,"(30000, 100000]",good
106,YES,58535,20,1,0,1,19169,"(0, 30000]",risky
107,NO,52424,6,1,1,0,46629,"(30000, 100000]",good
108,YES,120894,10,1,1,0,51927,"(30000, 100000]",good
109,YES,178585,8,1,1,0,69224,"(30000, 100000]",good
110,NO,32450,19,1,0,1,24557,"(0, 30000]",risky
111,NO,164526,11,1,0,1,77762,"(30000, 100000]",good
112,YES,193038,26,1,0,1,96355,"(30000, 100000]",good
113,YES,100347,7,1,1,0,90910,"(30000, 100000]",good
114,NO,197934,7,0,0,1,21945,"(0, 30000]",risky
115,YES,78251,21,1,0,0,79357,"(30000, 100000]",good
116,NO,132570,12,0,1,0,42784,"(30000, 100000]",good
117,NO,96370,29,1,0,1,54638,"(30000, 100000]",good
118,NO,199174,10,0,0,0,29944,"(0, 30000]",risky
119,NO,47202,30,1,0,0,97318,"(30000, 100000]",good
120,YES,135886,11,1,0,1,52022,"(30000, 100000]",good
121,YES,86648,16,1,1,0,20391,"(0, 30000]",risky
122,YES,140762,26,0,1,0,21016,"(0, 30000]",risky
123,YES,79683,26,0,1,0,26679,"(0, 30000]",risky
124,YES,139324,13,0,0,0,70682,"(30000, 100000]",good
125,YES,155669,11,0,0,0,87326,"(30000, 100000]",good
126,YES,195022,3,1,0,0,15853,"(0, 30000]",risky
127,NO,93035,28,1,0,1,75501,"(30000, 100000]",good
128,NO,100897,27,1,1,0,97984,"(30000, 100000]",good
129,YES,65469,26,0,0,1,53378,"(30000, 100000]",good
130,YES,87730,7,1,0,1,93458,"(30000, 100000]",good
131,YES,174321,16,1,0,1,56501,"(30000, 100000]",good
132,NO,67820,12,0,0,0,46955,"(30000, 100000]",good
133,NO,86646,14,1,0,1,33492,"(30000, 100000]",good
134,YES,190365,28,0,1,0,35832,"(30000, 100000]",good
135,YES,75323,19,1,0,0,12470,"(0, 30000]",risky
136,NO,53513,9,0,0,0,53981,"(30000, 100000]",good
137,YES,115884,6,0,0,1,22773,"(0, 30000]",risky
138,NO,155335,25,0,0,1,84691,"(30000, 100000]",good
139,YES,86904,20,0,0,0,50087,"(30000, 100000]",good
140,YES,93390,4,1,1,0,27877,"(0, 30000]",risky
141,YES,194364,23,1,1,0,56647,"(30000, 100000]",good
142,NO,122654,26,1,0,1,59419,"(30000, 100000]",good
143,YES,154013,11,0,0,1,26783,"(0, 30000]",risky
144,YES,156503,29,1,0,1,79453,"(30000, 100000]",good
145,NO,197422,2,1,0,0,33962,"(30000, 100000]",good
146,NO,57931,28,1,0,0,84429,"(30000, 100000]",good
147,YES,163252,28,0,0,0,63057,"(30000, 100000]",good
148,NO,197038,21,0,1,0,43128,"(30000, 100000]",good
149,NO,49505,25,0,0,1,40220,"(30000, 100000]",good
150,NO,161759,28,0,1,0,79700,"(30000, 100000]",good
151,NO,109110,10,0,0,1,67083,"(30000, 100000]",good
152,NO,91889,16,0,0,1,22054,"(0, 30000]",risky
153,YES,114841,28,0,0,0,18192,"(0, 30000]",risky
154,NO,82520,29,1,0,1,25222,"(0, 30000]",risky
155,YES,139624,7,0,0,1,58635,"(30000, 100000]",good
156,YES,125987,3,1,1,0,39114,"(30000, 100000]",good
157,YES,115631,5,0,1,0,48738,"(30000, 100000]",good
158,NO,163347,11,0,0,0,28496,"(0, 30000]",risky
159,YES,28504,1,0,0,1,62209,"(30000, 100000]",good
160,YES,79972,0,1,0,0,87677,"(30000, 100000]",good
161,YES,185596,30,1,1,0,93659,"(30000, 100000]",good
162,YES,177468,21,1,1,0,56503,"(30000, 100000]",good
163,YES,91851,15,1,0,0,27081,"(0, 30000]",risky
164,YES,153192,28,0,0,1,48779,"(30000, 100000]",good
165,YES,38463,23,1,1,0,91304,"(30000, 100000]",good
166,NO,73466,22,1,1,0,49520,"(30000, 100000]",good
167,NO,194381,25,0,1,0,41117,"(30000, 100000]",good
168,NO,167629,30,0,0,0,18199,"(0, 30000]",risky
169,YES,76933,6,1,0,1,76992,"(30000, 100000]",good
170,NO,143402,10,0,0,0,98588,"(30000, 100000]",good
171,YES,103614,24,0,1,0,20719,"(0, 30000]",risky
172,NO,52819,23,1,1,0,13068,"(0, 30000]",risky
173,YES,105110,16,1,0,1,84835,"(30000, 100000]",good
174,YES,149857,8,0,0,1,44795,"(30000, 100000]",good
175,YES,57055,13,0,0,1,39052,"(30000, 100000]",good
176,NO,75169,28,0,1,0,38704,"(30000, 100000]",good
177,NO,31156,13,1,1,0,98416,"(30000, 100000]",good
178,NO,85832,15,1,0,1,86958,"(30000, 100000]",good
179,YES,192451,22,1,1,0,29222,"(0, 30000]",risky
180,YES,149101,19,0,0,1,71357,"(30000, 100000]",good
181,NO,36116,20,0,0,0,29543,"(0, 30000]",risky
182,NO,89632,4,1,0,0,23855,"(0, 30000]",risky
183,NO,39523,30,1,0,1,84836,"(30000, 100000]",good
184,NO,70138,15,1,0,0,93307,"(30000, 100000]",good
185,NO,92975,0,1,1,0,64614,"(30000, 100000]",good
186,NO,166976,19,1,1,0,72949,"(30000, 100000]",good
187,NO,59558,5,1,0,1,79211,"(30000, 100000]",good
188,NO,137569,10,0,0,0,28707,"(0, 30000]",risky
189,YES,189301,11,1,1,0,83229,"(30000, 100000]",good
190,NO,90459,19,0,0,1,73620,"(30000, 100000]",good
191,NO,176341,7,1,0,1,70819,"(30000, 100000]",good
192,YES,126556,10,1,1,0,48313,"(30000, 100000]",good
193,YES,198213,25,0,1,0,37481,"(30000, 100000]",good
194,YES,103981,28,0,0,1,20851,"(0, 30000]",risky
195,YES,181370,13,1,0,1,86079,"(30000, 100000]",good
196,YES,28410,21,0,1,0,10933,"(0, 30000]",risky
197,NO,98056,4,1,0,1,66905,"(30000, 100000]",good
198,NO,48025,28,1,0,1,36890,"(30000, 100000]",good
199,YES,145744,9,1,1,0,19060,"(0, 30000]",risky
200,YES,162777,17,1,0,1,61906,"(30000, 100000]",good
201,YES,58225,27,1,0,0,31088,"(30000, 100000]",good
202,YES,28661,0,1,0,1,70365,"(30000, 100000]",good
203,YES,117260,4,0,0,0,56536,"(30000, 100000]",good
204,NO,173091,14,0,1,0,16992,"(0, 30000]",risky
205,NO,131906,20,1,1,0,14300,"(0, 30000]",risky
206,YES,52227,16,1,0,1,51914,"(30000, 100000]",good
207,YES,138108,28,0,1,0,12083,"(0, 30000]",risky
208,YES,141502,3,0,0,1,71376,"(30000, 100000]",good
209,YES,186239,25,1,0,1,99307,"(30000, 100000]",good
210,YES,125993,13,1,0,1,35200,"(30000, 100000]",good
211,YES,57194,8,1,1,0,70812,"(30000, 100000]",good
212,YES,112659,14,0,0,0,62067,"(30000, 100000]",good
213,YES,107069,13,0,0,1,62365,"(30000, 100000]",good
214,NO,140159,16,0,0,0,80618,"(30000, 100000]",good
215,NO,28576,22,0,0,0,52891,"(30000, 100000]",good
216,NO,85128,22,0,0,0,31409,"(30000, 100000]",good
217,YES,179220,19,1,0,0,81790,"(30000, 100000]",good
218,NO,38091,19,0,1,0,57794,"(30000, 100000]",good
219,YES,26814,9,0,0,0,20604,"(0, 30000]",risky
220,YES,115168,30,0,0,0,83459,"(30000, 100000]",good
221,YES,134135,14,0,0,1,43051,"(30000, 100000]",good
222,YES,168248,27,0,0,0,68911,"(30000, 100000]",good
223,YES,192297,17,1,1,0,38374,"(30000, 100000]",good
224,NO,55717,25,1,1,0,86784,"(30000, 100000]",good
225,YES,125883,0,1,0,1,42488,"(30000, 100000]",good
226,NO,77719,28,0,0,1,35922,"(30000, 100000]",good
227,YES,182921,17,1,0,1,46610,"(30000, 100000]",good
228,NO,100696,9,1,1,0,28764,"(0, 30000]",risky
229,NO,35780,10,0,1,0,75170,"(30000, 100000]",good
230,NO,81593,14,1,1,0,24370,"(0, 30000]",risky
231,YES,153147,2,0,0,1,84083,"(30000, 100000]",good
232,YES,150349,2,0,1,0,11784,"(0, 30000]",risky
233,NO,63701,19,1,1,0,10003,"(0, 30000]",risky
234,NO,102498,14,0,0,1,98970,"(30000, 100000]",good
235,NO,87541,9,0,0,0,77735,"(30000, 100000]",good
236,YES,193193,3,0,1,0,46070,"(30000, 100000]",good
237,NO,128996,3,1,1,0,27143,"(0, 30000]",risky
238,YES,72968,9,1,0,1,56974,"(30000, 100000]",good
239,NO,76145,26,0,0,0,99109,"(30000, 100000]",good
240,NO,139146,30,1,0,1,32603,"(30000, 100000]",good
241,YES,31377,18,1,0,1,24215,"(0, 30000]",risky
242,NO,84368,2,1,0,0,33092,"(30000, 100000]",good
243,NO,181549,10,1,0,0,71297,"(30000, 100000]",good
244,YES,154647,27,0,0,1,68268,"(30000, 100000]",good
245,NO,183221,24,0,0,1,33810,"(30000, 100000]",good
246,YES,38139,25,0,0,1,49995,"(30000, 100000]",good
247,YES,108245,1,0,0,0,11865,"(0, 30000]",risky
248,NO,105374,17,1,0,1,28904,"(0, 30000]",risky
249,YES,35376,0,1,0,1,39144,"(30000, 100000]",good
250,NO,156973,16,0,1,0,31591,"(30000, 100000]",good
251,YES,173228,7,0,0,1,30167,"(30000, 100000]",good
252,NO,40855,28,1,0,1,72382,"(30000, 100000]",good
253,YES,77256,29,0,0,1,79869,"(30000, 100000]",good
254,NO,193263,26,0,0,0,70526,"(30000, 100000]",good
255,YES,170030,8,0,1,0,38143,"(30000, 100000]",good
256,YES,168568,14,0,1,0,70298,"(30000, 100000]",good
257,YES,31611,17,1,1,0,54747,"(30000, 100000]",good
258,NO,74119,28,1,0,0,92997,"(30000, 100000]",good
259,NO,197841,7,0,1,0,24347,"(0, 30000]",risky
260,YES,92333,28,0,0,1,57445,"(30000, 100000]",good
261,NO,68788,7,1,0,1,70645,"(30000, 100000]",good
262,NO,120415,21,0,0,0,69540,"(30000, 100000]",good
263,YES,69386,21,1,1,0,70712,"(30000, 100000]",good
264,NO,118899,5,0,0,1,32900,"(30000, 100000]",good
265,NO,101996,4,1,1,0,14326,"(0, 30000]",risky
266,YES,173276,17,1,1,0,43865,"(30000, 100000]",good
267,NO,183946,11,0,0,1,29046,"(0, 30000]",risky
268,NO,98378,3,1,0,1,95088,"(30000, 100000]",good
269,YES,125450,13,1,1,0,38586,"(30000, 100000]",good
270,NO,130680,5,0,1,0,30468,"(30000, 100000]",good
271,NO,183682,20,0,0,1,42254,"(30000, 100000]",good
272,NO,126488,1,1,0,1,32467,"(30000, 100000]",good
273,YES,58942,20,0,0,0,68404,"(30000, 100000]",good
274,YES,112584,25,0,1,0,58451,"(30000, 100000]",good
275,YES,55591,0,1,1,0,86208,"(30000, 100000]",good
276,NO,44251,17,1,0,1,62426,"(30000, 100000]",good
277,NO,117364,11,0,0,0,63710,"(30000, 100000]",good
278,NO,114823,11,0,1,0,25062,"(0, 30000]",risky
279,YES,74136,12,1,0,1,56438,"(30000, 100000]",good
280,NO,33184,1,0,0,0,17783,"(0, 30000]",risky
281,NO,167403,7,1,0,1,92426,"(30000, 100000]",good
282,YES,59590,29,0,1,0,64667,"(30000, 100000]",good
283,YES,129276,22,0,0,0,32483,"(30000, 100000]",good
284,NO,188383,22,1,0,0,15673,"(0, 30000]",risky
285,NO,63420,10,0,0,1,77511,"(30000, 100000]",good
286,YES,113724,6,0,0,0,76182,"(30000, 100000]",good
287,YES,77102,1,1,0,1,89831,"(30000, 100000]",good
288,YES,174196,21,1,1,0,12072,"(0, 30000]",risky
289,NO,196816,14,0,0,1,81231,"(30000, 100000]",good
290,YES,193003,30,1,1,0,48169,"(30000, 100000]",good
291,YES,62475,26,1,0,1,31699,"(30000, 100000]",good
292,YES,76406,1,1,0,1,15710,"(0, 30000]",risky
293,NO,43899,21,1,0,0,31645,"(30000, 100000]",good
294,YES,74074,2,0,0,1,98933,"(30000, 100000]",good
295,YES,40089,10,0,1,0,52912,"(30000, 100000]",good
296,YES,167600,26,0,0,0,68756,"(30000, 100000]",good
297,NO,36924,15,0,1,0,41087,"(30000, 100000]",good
298,NO,119904,21,1,0,1,46798,"(30000, 100000]",good
299,YES,197916,7,0,0,1,34475,"(30000, 100000]",good
300,NO,74052,30,0,1,0,98334,"(30000, 100000]",good
301,YES,39797,11,0,1,0,10900,"(0, 30000]",risky
302,YES,97109,27,0,0,0,61445,"(30000, 100000]",good
303,YES,189061,13,1,0,0,78796,"(30000, 100000]",good
304,YES,106757,23,1,0,0,62141,"(30000, 100000]",good
305,NO,161265,29,1,0,1,90945,"(30000, 100000]",good
306,YES,185099,12,0,0,0,88918,"(30000, 100000]",good
307,NO,31819,25,0,0,0,62873,"(30000, 100000]",good
308,YES,183445,30,0,1,0,70949,"(30000, 100000]",good
309,YES,123761,20,1,0,1,31521,"(30000, 100000]",good
310,YES,189435,22,1,0,0,59615,"(30000, 100000]",good
311,NO,50013,19,0,1,0,52111,"(30000, 100000]",good
312,YES,31641,18,0,0,1,34598,"(30000, 100000]",good
313,YES,124848,2,0,0,1,61124,"(30000, 100000]",good
314,NO,85255,4,0,0,1,59689,"(30000, 100000]",good
315,YES,176278,19,0,0,0,23075,"(0, 30000]",risky
316,NO,70323,25,0,1,0,48192,"(30000, 100000]",good
317,YES,116745,23,0,1,0,77367,"(30000, 100000]",good
318,NO,121324,14,1,0,0,82625,"(30000, 100000]",good
319,YES,153308,24,1,0,0,51802,"(30000, 100000]",good
320,YES,78897,11,1,0,1,78922,"(30000, 100000]",good
321,NO,84215,6,1,0,1,38670,"(30000, 100000]",good
322,NO,160932,24,1,0,0,48392,"(30000, 100000]",good
323,YES,165175,13,0,1,0,47425,"(30000, 100000]",good
324,YES,171288,15,0,0,1,73906,"(30000, 100000]",good
325,NO,25779,16,1,0,1,94013,"(30000, 100000]",good
326,YES,165001,19,1,0,0,27698,"(0, 30000]",risky
327,YES,162777,7,0,1,0,26793,"(0, 30000]",risky
328,NO,93414,12,1,0,0,67033,"(30000, 100000]",good
329,NO,39360,10,0,0,1,20109,"(0, 30000]",risky
330,NO,43176,29,0,1,0,95185,"(30000, 100000]",good
331,YES,60999,15,1,1,0,27684,"(0, 30000]",risky
332,YES,84132,1,0,0,0,98240,"(30000, 100000]",good
333,YES,44775,13,1,0,1,18032,"(0, 30000]",risky
334,NO,118274,13,1,0,1,46470,"(30000, 100000]",good
335,YES,140998,15,0,1,0,33301,"(30000, 100000]",good
336,NO,73146,5,0,1,0,62800,"(30000, 100000]",good
337,YES,73490,7,0,1,0,27520,"(0, 30000]",risky
338,YES,111264,23,0,0,0,26094,"(0, 30000]",risky
339,YES,110940,10,0,0,1,13571,"(0, 30000]",risky
340,YES,54437,21,1,1,0,36239,"(30000, 100000]",good
341,NO,83900,8,1,1,0,77082,"(30000, 100000]",good
342,YES,31097,7,1,1,0,71572,"(30000, 100000]",good
343,YES,161143,17,0,0,0,30495,"(30000, 100000]",good
344,NO,192313,5,1,1,0,49771,"(30000, 100000]",good
345,YES,118798,6,0,0,0,32905,"(30000, 100000]",good
346,NO,134635,30,1,0,1,21337,"(0, 30000]",risky
347,NO,80991,0,1,1,0,16082,"(0, 30000]",risky
348,YES,42269,2,0,0,1,43883,"(30000, 100000]",good
349,YES,72255,30,1,0,0,15491,"(0, 30000]",risky
350,NO,89949,25,0,1,0,48081,"(30000, 100000]",good
351,YES,114922,12,0,1,0,36317,"(30000, 100000]",good
352,NO,72115,16,1,0,0,15627,"(0, 30000]",risky
353,YES,141622,29,0,1,0,51028,"(30000, 100000]",good
354,YES,176891,27,1,1,0,14422,"(0, 30000]",risky
355,YES,56488,17,0,0,1,45525,"(30000, 100000]",good
356,NO,46480,27,0,1,0,23480,"(0, 30000]",risky
357,NO,84034,28,0,1,0,19184,"(0, 30000]",risky
358,YES,96432,24,1,0,1,80239,"(30000, 100000]",good
359,YES,157299,11,0,0,1,33215,"(30000, 100000]",good
360,YES,107937,5,1,0,1,65203,"(30000, 100000]",good
361,YES,62671,20,0,0,0,65190,"(30000, 100000]",good
362,YES,75552,17,1,0,0,16320,"(0, 30000]",risky
363,YES,52584,7,1,0,1,21696,"(0, 30000]",risky
364,YES,62943,17,0,1,0,56129,"(30000, 100000]",good
365,NO,134321,10,1,0,0,74971,"(30000, 100000]",good
366,YES,131469,30,0,1,0,33356,"(30000, 100000]",good
367,YES,95404,24,1,1,0,29607,"(0, 30000]",risky
368,YES,128428,14,0,0,0,95319,"(30000, 100000]",good
369,NO,89122,28,0,1,0,94413,"(30000, 100000]",good
370,NO,86119,5,1,0,0,78963,"(30000, 100000]",good
371,YES,75580,5,0,0,1,66865,"(30000, 100000]",good
372,YES,168473,9,0,1,0,40427,"(30000, 100000]",good
373,NO,175719,21,1,1,0,93733,"(30000, 100000]",good
374,YES,147614,9,1,0,0,63543,"(30000, 100000]",good
375,NO,130935,2,0,1,0,41184,"(30000, 100000]",good
376,NO,188067,26,0,0,0,96652,"(30000, 100000]",good
377,YES,103490,30,0,0,1,56555,"(30000, 100000]",good
378,YES,152471,6,0,0,0,36457,"(30000, 100000]",good
379,NO,112774,13,0,0,1,26101,"(0, 30000]",risky
380,YES,197699,2,0,1,0,36156,"(30000, 100000]",good
381,NO,61920,4,0,0,1,49958,"(30000, 100000]",good
382,YES,139269,29,0,0,0,68696,"(30000, 100000]",good
383,YES,148246,5,1,1,0,97453,"(30000, 100000]",good
384,YES,147346,25,0,1,0,68533,"(30000, 100000]",good
385,NO,140132,27,0,0,1,96438,"(30000, 100000]",good
386,NO,140642,27,1,0,1,50348,"(30000, 100000]",good
387,YES,56597,9,1,0,1,85016,"(30000, 100000]",good
388,YES,151636,4,1,0,0,73188,"(30000, 100000]",good
389,YES,183187,5,1,0,1,64225,"(30000, 100000]",good
390,YES,57324,17,0,0,1,64437,"(30000, 100000]",good
391,NO,29934,1,0,1,0,66330,"(30000, 100000]",good
392,YES,37776,15,0,0,0,26372,"(0, 30000]",risky
393,NO,68687,30,1,1,0,30714,"(30000, 100000]",good
394,NO,64990,21,1,0,0,84263,"(30000, 100000]",good
395,YES,183094,5,0,0,1,86531,"(30000, 100000]",good
396,YES,176330,21,0,0,1,93090,"(30000, 100000]",good
397,NO,91689,14,1,1,0,79373,"(30000, 100000]",good
398,NO,64070,2,1,1,0,17440,"(0, 30000]",risky
399,NO,74497,21,0,0,1,81536,"(30000, 100000]",good
400,YES,197421,16,0,1,0,62494,"(30000, 100000]",good
401,NO,73065,20,0,1,0,37580,"(30000, 100000]",good
402,YES,105376,11,0,0,0,60822,"(30000, 100000]",good
403,NO,130912,27,1,0,0,96032,"(30000, 100000]",good
404,YES,34334,21,1,0,0,91545,"(30000, 100000]",good
405,NO,140266,28,0,0,0,73313,"(30000, 100000]",good
406,NO,107688,2,0,1,0,54345,"(30000, 100000]",good
407,NO,52144,6,0,0,1,33138,"(30000, 100000]",good
408,YES,77059,22,0,0,0,33579,"(30000, 100000]",good
409,NO,163058,1,0,0,1,83094,"(30000, 100000]",good
410,NO,41152,27,0,0,0,90065,"(30000, 100000]",good
411,NO,46253,19,0,1,0,51913,"(30000, 100000]",good
412,YES,28446,11,0,0,1,81378,"(30000, 100000]",good
413,YES,112890,11,1,0,1,32236,"(30000, 100000]",good
414,NO,27300,1,1,0,0,97980,"(30000, 100000]",good
415,NO,131493,21,0,0,0,38626,"(30000, 100000]",good
416,NO,33982,30,0,0,1,64230,"(30000, 100000]",good
417,NO,76625,2,0,0,0,38183,"(30000, 100000]",good
418,YES,104183,18,0,0,0,89277,"(30000, 100000]",good
419,NO,138074,20,0,1,0,68269,"(30000, 100000]",good
420,NO,84473,2,0,0,0,58751,"(30000, 100000]",good
421,YES,135185,13,0,0,1,88720,"(30000, 100000]",good
422,NO,191983,14,1,0,0,99311,"(30000, 100000]",good
423,NO,80249,19,1,1,0,94528,"(30000, 100000]",good
424,YES,94199,0,1,1,0,72268,"(30000, 100000]",good
425,YES,121506,27,0,0,0,79593,"(30000, 100000]",good
426,YES,50373,25,1,0,0,94247,"(30000, 100000]",good
427,NO,99025,10,0,0,0,76700,"(30000, 100000]",good
428,YES,128266,24,1,1,0,12011,"(0, 30000]",risky
429,NO,153748,30,1,0,1,87935,"(30000, 100000]",good
430,YES,161215,8,0,1,0,98720,"(30000, 100000]",good
431,NO,168360,25,1,0,1,38638,"(30000, 100000]",good
432,NO,157217,11,1,1,0,37857,"(30000, 100000]",good
433,NO,129265,14,1,1,0,15532,"(0, 30000]",risky
434,YES,87188,19,1,0,1,22159,"(0, 30000]",risky
435,NO,111774,4,1,0,0,91547,"(30000, 100000]",good
436,NO,158057,4,1,0,0,98738,"(30000, 100000]",good
437,YES,117250,20,1,1,0,21966,"(0, 30000]",risky
438,NO,74697,14,0,0,1,14398,"(0, 30000]",risky
439,YES,48956,8,0,0,0,18572,"(0, 30000]",risky
440,NO,170407,13,1,0,1,77312,"(30000, 100000]",good
441,NO,70314,24,0,0,0,42074,"(30000, 100000]",good
442,YES,193775,27,0,0,1,82799,"(30000, 100000]",good
443,YES,189209,9,0,0,1,12659,"(0, 30000]",risky
444,YES,36956,14,0,0,1,19649,"(0, 30000]",risky
445,NO,128451,12,0,0,0,50119,"(30000, 100000]",good
446,NO,65708,28,0,0,1,18888,"(0, 30000]",risky
447,NO,166606,5,1,1,0,83061,"(30000, 100000]",good
448,YES,114597,28,1,0,1,39343,"(30000, 100000]",good
449,NO,27875,11,0,1,0,92007,"(30000, 100000]",good
450,YES,91936,8,1,0,0,78728,"(30000, 100000]",good
451,YES,108262,10,1,0,0,48640,"(30000, 100000]",good
452,NO,42620,10,0,0,1,92070,"(30000, 100000]",good
453,YES,41504,26,0,0,1,97341,"(30000, 100000]",good
454,NO,29602,15,1,1,0,97493,"(30000, 100000]",good
455,NO,65533,23,1,1,0,78400,"(30000, 100000]",good
456,NO,53788,23,1,0,1,52862,"(30000, 100000]",good
457,NO,36055,24,1,1,0,11804,"(0, 30000]",risky
458,YES,110892,18,1,0,1,10455,"(0, 30000]",risky
459,YES,125407,21,0,0,0,25766,"(0, 30000]",risky
460,NO,54701,10,1,0,0,58199,"(30000, 100000]",good
461,NO,163901,6,1,0,1,88613,"(30000, 100000]",good
462,NO,149327,17,0,0,0,16690,"(0, 30000]",risky
463,NO,40460,3,1,0,0,71164,"(30000, 100000]",good
464,NO,143349,16,1,1,0,48825,"(30000, 100000]",good
465,NO,116282,21,0,0,0,29236,"(0, 30000]",risky
466,NO,186013,16,0,1,0,59689,"(30000, 100000]",good
467,YES,106946,20,1,0,0,48940,"(30000, 100000]",good
468,YES,38814,18,1,0,0,64320,"(30000, 100000]",good
469,YES,65487,13,1,0,1,84845,"(30000, 100000]",good
470,YES,148686,26,0,1,0,52663,"(30000, 100000]",good
471,NO,192410,21,1,0,1,17957,"(0, 30000]",risky
472,NO,151963,11,1,1,0,69018,"(30000, 100000]",good
473,YES,147367,16,1,0,1,58496,"(30000, 100000]",good
474,YES,80729,0,0,0,0,99128,"(30000, 100000]",good
475,NO,36081,12,1,0,1,35868,"(30000, 100000]",good
476,NO,183057,7,1,0,1,79478,"(30000, 100000]",good
477,YES,158849,29,0,0,0,57402,"(30000, 100000]",good
478,NO,65242,6,0,0,0,73795,"(30000, 100000]",good
479,YES,68995,21,0,1,0,58403,"(30000, 100000]",good
480,NO,72252,26,1,0,0,85972,"(30000, 100000]",good
481,YES,120012,13,0,0,1,62998,"(30000, 100000]",good
482,NO,125771,12,0,0,1,32786,"(30000, 100000]",good
483,NO,100961,10,0,0,1,17962,"(0, 30000]",risky
484,YES,114646,28,1,1,0,59440,"(30000, 100000]",good
485,NO,52766,23,0,0,1,94772,"(30000, 100000]",good
486,YES,57230,29,1,0,1,80083,"(30000, 100000]",good
487,YES,83402,13,1,0,1,81026,"(30000, 100000]",good
488,YES,76718,10,1,0,1,86883,"(30000, 100000]",good
489,YES,148821,6,0,1,0,39444,"(30000, 100000]",good
490,NO,120996,24,0,1,0,35886,"(30000, 100000]",good
491,NO,82029,10,0,0,0,24541,"(0, 30000]",risky
492,YES,98123,18,1,0,1,54502,"(30000, 100000]",good
493,NO,103226,29,0,1,0,17183,"(0, 30000]",risky
494,NO,197045,13,1,0,1,39562,"(30000, 100000]",good
495,NO,59156,24,0,1,0,70157,"(30000, 100000]",good
496,YES,59382,5,1,0,0,72151,"(30000, 100000]",good
497,NO,100331,3,0,0,1,65170,"(30000, 100000]",good
498,YES,164924,24,1,0,1,67936,"(30000, 100000]",good
499,YES,48744,2,1,0,1,93339,"(30000, 100000]",good
500,YES,158780,11,1,0,1,57365,"(30000, 100000]",good
501,NO,55842,4,1,0,0,56628,"(30000, 100000]",good
502,NO,53240,1,1,1,0,83814,"(30000, 100000]",good
503,YES,81550,17,1,1,0,75324,"(30000, 100000]",good
504,NO,198571,19,1,0,0,46939,"(30000, 100000]",good
505,NO,74910,15,1,0,0,71428,"(30000, 100000]",good
506,NO,111105,8,1,0,1,23884,"(0, 30000]",risky
507,YES,101272,24,1,0,1,95145,"(30000, 100000]",good
508,NO,195357,19,0,0,1,46002,"(30000, 100000]",good
509,NO,65531,27,1,1,0,20309,"(0, 30000]",risky
510,YES,75436,14,1,1,0,72115,"(30000, 100000]",good
511,NO,153233,5,1,1,0,42769,"(30000, 100000]",good
512,YES,137948,22,1,0,1,91870,"(30000, 100000]",good
513,NO,140400,10,0,0,0,55308,"(30000, 100000]",good
514,NO,31380,6,0,0,0,60789,"(30000, 100000]",good
515,NO,87868,13,0,0,0,51363,"(30000, 100000]",good
516,YES,76337,18,1,0,1,99239,"(30000, 100000]",good
517,NO,195078,26,0,0,1,19272,"(0, 30000]",risky
518,YES,112591,26,1,0,1,44411,"(30000, 100000]",good
519,YES,162102,25,1,0,1,60915,"(30000, 100000]",good
520,NO,142426,8,1,0,0,98433,"(30000, 100000]",good
521,NO,51104,15,0,0,0,81867,"(30000, 100000]",good
522,NO,103343,10,0,0,0,43980,"(30000, 100000]",good
523,NO,42198,12,0,0,0,50286,"(30000, 100000]",good
524,YES,164391,27,0,1,0,29385,"(0, 30000]",risky
525,YES,75307,23,0,0,1,47565,"(30000, 100000]",good
526,NO,82565,12,0,0,0,26494,"(0, 30000]",risky
527,NO,180274,27,0,1,0,59243,"(30000, 100000]",good
528,NO,172612,10,0,1,0,91488,"(30000, 100000]",good
529,NO,83388,14,0,0,0,33116,"(30000, 100000]",good
530,YES,194421,17,1,0,0,93364,"(30000, 100000]",good
531,YES,124440,14,1,1,0,70743,"(30000, 100000]",good
532,YES,98662,16,0,0,0,34007,"(30000, 100000]",good
533,NO,54113,19,1,0,0,26128,"(0, 30000]",risky
534,YES,91567,13,1,1,0,33748,"(30000, 100000]",good
535,NO,189851,3,0,1,0,38896,"(30000, 100000]",good
536,NO,157025,14,0,0,1,40674,"(30000, 100000]",good
537,YES,100651,6,0,0,1,97111,"(30000, 100000]",good
538,NO,119976,12,0,1,0,54850,"(30000, 100000]",good
539,YES,57390,8,0,0,0,32948,"(30000, 100000]",good
540,YES,110308,22,0,0,1,12682,"(0, 30000]",risky
541,YES,191874,30,1,0,0,12453,"(0, 30000]",risky
542,YES,199778,27,0,1,0,34655,"(30000, 100000]",good
543,NO,130816,13,0,0,1,59351,"(30000, 100000]",good
544,NO,133877,21,1,0,1,29916,"(0, 30000]",risky
545,YES,109079,8,0,0,0,36532,"(30000, 100000]",good
546,NO,59091,6,0,1,0,94583,"(30000, 100000]",good
547,YES,42690,25,1,0,1,92819,"(30000, 100000]",good
548,YES,154393,9,1,0,0,76535,"(30000, 100000]",good
549,NO,74058,11,1,1,0,91220,"(30000, 100000]",good
550,NO,68160,2,1,1,0,71238,"(30000, 100000]",good
551,YES,123082,0,1,1,0,32356,"(30000, 100000]",good
552,NO,109191,5,1,0,1,89094,"(30000, 100000]",good
553,NO,26884,13,1,0,1,91462,"(30000, 100000]",good
554,NO,147788,27,0,0,0,75585,"(30000, 100000]",good
555,NO,53848,10,0,0,1,31629,"(30000, 100000]",good
556,NO,34242,12,0,0,1,42063,"(30000, 100000]",good
557,YES,157421,10,0,1,0,12810,"(0, 30000]",risky
558,NO,191139,12,1,0,0,85570,"(30000, 100000]",good
559,YES,180424,26,0,0,0,72026,"(30000, 100000]",good
560,NO,182562,24,0,0,0,90444,"(30000, 100000]",good
561,NO,36861,29,1,1,0,50403,"(30000, 100000]",good
562,YES,100064,12,0,0,0,78867,"(30000, 100000]",good
563,YES,116495,6,1,1,0,95920,"(30000, 100000]",good
564,YES,30098,11,1,1,0,41545,"(30000, 100000]",good
565,NO,31064,28,0,0,0,63912,"(30000, 100000]",good
566,NO,33460,28,0,1,0,92498,"(30000, 100000]",good
567,YES,129912,30,0,0,1,16316,"(0, 30000]",risky
568,NO,150036,22,1,0,1,68617,"(30000, 100000]",good
569,YES,38074,12,1,0,1,59860,"(30000, 100000]",good
570,NO,161629,29,1,0,1,55981,"(30000, 100000]",good
571,NO,95421,7,1,0,1,34833,"(30000, 100000]",good
572,YES,148068,13,0,1,0,39818,"(30000, 100000]",good
573,YES,116161,20,0,1,0,59227,"(30000, 100000]",good
574,YES,28768,29,1,0,0,44809,"(30000, 100000]",good
575,NO,95975,13,1,0,0,10735,"(0, 30000]",risky
576,YES,79653,15,1,1,0,50242,"(30000, 100000]",good
577,YES,52940,5,1,1,0,56166,"(30000, 100000]",good
578,NO,185339,6,0,0,0,42483,"(30000, 100000]",good
579,YES,125112,7,1,0,1,70572,"(30000, 100000]",good
580,YES,123335,1,1,0,0,31721,"(30000, 100000]",good
581,YES,57473,10,1,0,0,31085,"(30000, 100000]",good
582,YES,32907,12,1,1,0,84931,"(30000, 100000]",good
583,NO,28874,19,0,1,0,69036,"(30000, 100000]",good
584,NO,155684,4,1,0,0,42679,"(30000, 100000]",good
585,NO,137622,2,1,0,1,84557,"(30000, 100000]",good
586,YES,106230,30,0,0,1,54126,"(30000, 100000]",good
587,NO,154677,26,1,0,1,87685,"(30000, 100000]",good
588,YES,93242,27,1,1,0,85076,"(30000, 100000]",good
589,YES,30774,10,0,1,0,31633,"(30000, 100000]",good
590,NO,85195,14,1,1,0,43018,"(30000, 100000]",good
591,YES,132859,18,1,0,1,27394,"(0, 30000]",risky
592,YES,75143,16,0,0,1,68152,"(30000, 100000]",good
593,NO,131963,10,1,0,0,84775,"(30000, 100000]",good
594,NO,97526,9,1,1,0,47364,"(30000, 100000]",good
595,YES,39492,7,1,0,0,76340,"(30000, 100000]",good
596,YES,55369,2,1,0,0,69967,"(30000, 100000]",good
597,NO,154058,0,1,0,0,47334,"(30000, 100000]",good
598,YES,180083,17,0,1,0,98592,"(30000, 100000]",good
599,NO,158137,16,0,0,0,96519,"(30000, 100000]",good
